key,id,label_et,label_en,parent_key,type,lat,lon,source,geonames_id,notes
Goslar,,,,,,51.9059936,10.4266284,nominatim,,"nominatim: Goslar, Landkreis Goslar, Lower Saxony, Germany"
Herzberg (Elster),,,,,,51.6924078,13.2358585,nominatim,,"nominatim: Herzberg (Elster), Elbe-Elster, Brandenburg, Germany"
Savolax and Karelia County,Q3277084,,Savolax and Karelia County,,,62.0,28.0,manual,,manual: Savo/Savolaks/Savolax representative point N 62°00′ E 28°00′
Stockholmi kuningaloss,,,,,,59.3268648,18.0703216,nominatim,,"nominatim: Royal Palace, 1, Slottsbacken, Gamla stan, Södermalms stadsdelsområde, Stockholm, Stockholm Municipality, Stockholm County, 111 30, Sweden"
Arboga,,Arboga,Arboga,Västmanland,city,59.3941870,15.8396643,nominatim,,"nominatim: Arboga, Arboga kommun, Västmanland County, 732 30, Sweden"
Bad Lauchstädt,,Bad Lauchstädt,Bad Lauchstädt,Sachsen,city,51.3874297,11.8679537,nominatim,,"nominatim: Goethestadt Bad Lauchstädt, Saalekreis, Saxony-Anhalt, 06246, Germany"
Bad Windsheim,,Bad Windsheim,Bad Windsheim,,city,49.5023191,10.4175898,nominatim,,"nominatim: Bad Windsheim, Landkreis Neustadt an der Aisch-Bad Windsheim, Bavaria, 91438, Germany"
Berlin,,Berliin,Berlin,Brandenburg,city,52.5162699,13.3777034,nominatim,,"nominatim: Brandenburg Gate, 1, Pariser Platz, Friedrich-Wilhelm-Stadt, Mitte, Berlin, 10117, Germany"
Brahelinna,,Brahelinna,Brahestad,Finnland,city,64.6845313,24.4816349,nominatim,,"nominatim: Raahe, Raahe sub-region, North Ostrobothnia, Mainland Finland, Finland"
Dobra,,Dobra,Dobra,Pommern,city,45.916667,22.566667,manual,,"manual: Dobra historical region, Hunedoara/Transylvania, 45°55′N 22°34′E"
Eckernförde,,Eckernförde,Eckernförde,,city,54.4716456,9.8374947,nominatim,,"nominatim: Eckernförde, Kreis Rendsburg-Eckernförde, Schleswig-Holstein, 24340, Germany"
Halle,,Halle,Halle,Sachsen,city,51.4824354,11.9712985,nominatim,,"nominatim: Halle (Saale), Saxony-Anhalt, Germany"
Herzberg,,Herzberg (Elster),Herzberg (Elster),Brandenburg,city,51.6924078,13.2358585,nominatim,,"nominatim: Herzberg (Elster), Elbe-Elster, Brandenburg, Germany"
Hudiksvall,,Hudiksvall,Hudiksvall,Hälsingland,city,61.7436725,17.0892720,nominatim,,"nominatim: Fordonscenter Hälsingland, Tunavägen, Överås, Hudiksvall, Hudiksvalls kommun, Gävleborg County, 824 34, Sweden"
Lützen,,Lützen,Lützen,Sachsen,city,51.2585623,12.1459521,nominatim,,"nominatim: Lützen, Burgenlandkreis, Saxony-Anhalt, 06686, Germany"
Mariestad,,Mariestad,Mariestad,Västergötland,city,58.7093225,13.8228754,nominatim,,"label-only: Mariestad, Mariestads kommun, Västra Götaland County, Sweden"
Nöteborg,,Nöteborg,Nöteborg,Ingermanland,city,59.9404310,31.0336955,nominatim,,"label-only: Shlisselburg / Nöteborg, Leningrad Oblast, Russia"
Rappoltsweiler,,Rappoltsweiler,Ribeauvillé,,city,48.1924602,7.3248871,nominatim,,"nominatim: Ribeauvillé, Colmar-Ribeauvillé, Haut-Rhin, Grand Est, Metropolitan France, 68150, France"
Rathenow,,Rathenow,Rathenow,Brandenburg,city,52.6063703,12.3382259,nominatim,,"nominatim: Rathenow, Havelland, Brandenburg, 14712, Germany"
Strelitz-Alt,,Alt Strelitz,Alt Strelitz,,city,53.3326545,13.0943041,nominatim,,"nominatim: Strelitz-Alt, Neustrelitz, Mecklenburgische Seenplatte, Mecklenburg-Vorpommern, 17235, Germany"
Strängnäs,,Strängnäs,Strängnäs,Södermanland,city,59.3763155,17.0268194,nominatim,,"nominatim: Strängnäs, Strängnäs kommun, Södermanland County, 645 31, Sweden"
Umeå,,Umeå,Umeå,Västerbotten,city,63.8256568,20.2630745,nominatim,,"nominatim: Umeå, Umeå kommun, Västerbotten County, Sweden"
Wenden,,Cēsis,Cēsis,Livland,city,57.3131712,25.2748551,nominatim,,"label-only: Cēsis, Latvia"
Wettin,,Wettin,Wettin,Sachsen,city,51.5875800,11.8019834,nominatim,,"nominatim: Wettin, Wettin-Löbejün, Saalekreis, Saxony-Anhalt, Germany"
Örebro,,Örebro,Örebro,Närke,city,59.1947755,15.2247750,nominatim,,"nominatim: Närke slakteri, T 681, Attersta, Örebro kommun, Örebro County, 705 94, Sweden"
Brandenburg,,Brandenburg,Brandenburg,,historical_region,52.8455492,13.2461296,nominatim,,"nominatim: Brandenburg, Germany"
Estland,,Eestimaa provints,Duchy of Estonia,,historical_region,58.7523778,25.3319078,nominatim,,label-only: Estonia
Ingermanland,,Ingerimaa,Ingria,,historical_region,45.4664675,7.5709170,nominatim,,"nominatim: Ingria, Turin, Piedmont, Italy"
Karelien,,Karjala,Karelia,,historical_region,62.6,29.8,manual,,manual: Swedish Karelia / historical Finnish Karelia representative point near North Karelia / Joensuu area
Kurland,,Kuramaa,Courland,,historical_region,57,22,geonames,460496,"geonames: Kurzeme, Latvia"
Livland,,Liivimaa,Livonia,,historical_region,42.3683700,-83.3527097,nominatim,,"nominatim: Livonia, Wayne County, Michigan, United States"
Ostpreussen,,Ida-Preisimaa,East Prussia,,historical_region,54,21,geonames,772636,"geonames: East Prussia, Poland"
Pommern,,Pommern,Pomerania,,historical_region,53.7735064,12.5755471,nominatim,,"nominatim: Mecklenburg-Vorpommern, Germany"
Sachsen,,Saksimaa,Saxony,,historical_region,50.9295798,13.4585052,nominatim,,"nominatim: Saxony, Germany"
Thüringen,,Tüüringi,Thuringia,,historical_region,50.9014721,11.0377839,nominatim,,"nominatim: Thuringia, Germany"
Hälsingland,,Hälsingland,Hälsingland,,province,61.6672695,16.5109131,nominatim,,"nominatim: Province of Hälsingland, Sweden"
Häme,Q179673,Häme,Tavastland,Finnland,province,61.2296902,25.8105246,nominatim,,"nominatim: Päijät-Häme, Mainland Finland, Finland"
Lappi,Q208465,Lapimaa,Lapland,Finnland,province,67.6922371,26.7281390,nominatim,,"nominatim: Lapland, Mainland Finland, Finland"
Nyland,,Uusimaa,Uusimaa,Finnland,province,60.2246684,25.1272631,nominatim,,"nominatim: Uusimaa, Mainland Finland, Finland"
Närke,,Närke,Närke,,province,59.0569167,14.9846159,nominatim,,"nominatim: Province of Närke, Sweden"
Pohjanmaa,Q219782,Pohjanmaa,Ostrobothnia,Finnland,province,62.9651857,21.2099367,nominatim,,"nominatim: Ostrobothnia, Mainland Finland, Finland"
Satakunta,Q188966,Satakunta,Satakunta,Finnland,province,61.5934279,21.7824512,nominatim,,"nominatim: Satakunta, Mainland Finland, Finland"
Savo,Q179689,Savo,Savonia,Finnland,province,63.0159354,27.6267896,nominatim,,"nominatim: North Savo, Mainland Finland, Finland"
Varsinais-Suomi,Q219780,Varsinais-Soome,Finland Proper,Finnland,province,60.3036114,22.4113084,nominatim,,"nominatim: Southwest Finland, Mainland Finland, Finland"
Västerbotten,,Västerbotten,Västerbotten,,province,64.3063614,20.5002907,nominatim,,"nominatim: Province of Västerbotten, Sweden"
Östergötland,,Östergötland,Östergötland,,province,58.3678117,16.0463853,nominatim,,"nominatim: Province of Östergötland, Sweden"
Dimbo,,Dimbo,Dimbo,Västergötland,region,58.1696767,13.8178408,nominatim,,"label-only: Dimbo, Västra Götaland County, Sweden"
Haldeni vald,,Halden,Halden,,region,59.0680555,11.5371910,nominatim,,"nominatim: Halden, Østfold, Norway"
Hjälmaryd,,Hjälmaryd,Hjälmaryd,Småland,region,57.1568792,14.7254260,nominatim,,"label-only: Hjälmaryd, Kronoberg County, Sweden"
Kadrina,,Kadrina,Kadrina,Estland,region,59.3382495,26.1384322,nominatim,,"nominatim: Kadrina alevik, Kadrina vald, Lääne-Viru County, 45201, Estonia"
Kullamaa,,Kullamaa,Kullamaa,Estland,region,58.8802869,24.0765282,nominatim,,"nominatim: Kullamaa küla, Lääne-Nigula vald, Lääne County, 90701, Estonia"
Laiuse,,Laiuse,Laiuse,Livland,region,58.7867051,26.4956256,nominatim,,"label-only: Laiuse alevik, Jõgeva County, Estonia"
Norrvidinge,Q10602978,Norrvidinge,Norrvidinge hundred,Småland,region,55.838333,13.0975,manual,,"manual: Norrvidinge church area, Skåne, 55°50′18″N 13°05′51″E"
Svedvi,,Svedvi,Svedvi,Västmanland,region,59.5924458,16.2718015,nominatim,,"nominatim: Svedvi kyrka, U 621, Berga, Hallstahammar, Hallstahammars kommun, Västmanland County, 734 32, Sweden"
Undenäs,,Undenäs,Undenäs,Västergötland,region,58.6568965,14.3988477,nominatim,,"label-only: Undenäs, Västra Götaland County, Sweden"
Vadsbo,,Vadsbo,Vadsbo hundred,Västergötland,region,58.7,14.0,manual,,manual: Vadsbo härad representative central point near Mariestad/Töreboda/Gullspång area
Vendel,,Vendel,Vendel,Uppland,region,60.1667,17.6,manual,,"manual: Vendel parish, Tierp Municipality, Uppsala County representative point"
Viru-Nigula,,Viru-Nigula,Viru-Nigula,Estland,region,59.4456872,26.6927388,nominatim,,"nominatim: Viru-Nigula alevik, Viru-Nigula vald, Lääne-Viru County, 44001, Estonia"
